Category ID,Label,Most Correlated,Least Correlated
527,??d?,dade,jobs
1125,?le-de-france,led,flight
0,abruzzo,conferences,games
1,academic conferences & publications,academy,social
2,acapulco,acapulco,country
3,accident & personal injury law,accommodation,bhutan
4,accounting & auditing,accounting,input output
5,accounting & finance jobs,accounting,input output
6,accounting & financial software,acting,technology
7,acting & theater,acting,input output
8,action & adventure films,action,management
10,action & platform games,activities,canada
9,action figures,action,australia
11,acupuncture & chinese medicine,acupuncture,job
12,acura,acura,finance
13,adana,press,input output
14,add & adhd,add,food
15,adelaide,admin,spanish
16,adoption,adult,testing
17,adventure games,adventure,science
18,adventure travel,adventure travel,book
19,advertising & marketing,advocacy,network
20,aegean islands,sea,input output
21,aegean turkey,aerospace,florida
22,aerospace & defense,aerospace,india
23,affiliate programs,affordable,county
24,afghanistan,afghanistan,legal
25,africa,africa,video
27,african music,african music,online
26,african-americans,african,companies
28,africans & diaspora,aftermarket,birmingham
29,aging & geriatrics,research,input output
30,agra,agra,rental
31,agricultural equipment,agricultural,real estate
32,agriculture & forestry,agriculture,video
33,agritourism,tuscany,input output
34,agrochemicals,chemicals,jobs
35,aichi,aids,input output
36,aids & hiv,airfare,living
37,air force,air force,white
39,air travel,air travel,guide
38,airport parking & transportation,airports,manila
40,akita,akita,world
41,alabama,alabama,coast
42,alagoas,alarm,music
43,alaska,alaska,country
44,albania,albania,hotels
45,albany-capital district,albany,input output
46,alberta,alberta,loan
47,albuquerque-santa fe,alcohol,mobile
48,alcoholic beverages,alcohol,finance
49,alfa romeo,alfa romeo,houston
50,algeria,algeria,copenhagen
51,allergies,inclusive,projects
52,alsace,alternative,road
53,alternative & natural medicine,alternative,san
54,alumni & reunions,alzheimers,hotel
55,alzheimer's disease,amalfi,stores
56,amazonas,american,facts
57,american football,american football,input output
58,american football equipment,american,peru
59,amsterdam,amsterdam,india
60,anatomy,anatomy,medical
61,ancestry & genealogy,ancient,real estate
62,andalucia,andalucia,rental
63,andhra pradesh,andhra pradesh,history
64,andorra,andorra,ideas
65,android apps,android,radio
66,android os,android os,real estate
67,angola,angola,events
68,anhui,animal,health
69,animal products & services,animals,care
70,animal welfare,animal welfare,south
71,animated films,animation,life
72,anime & manga,anime,hotel
73,ankara,ankara,women
74,antalya,antalya,water
75,anthropology,anthropology,accommodation
76,antigua & barbuda,antique,player
77,antiques & collectibles,anti,products
78,antivirus & malware,anxiety,sites
79,anxiety & stress,anxiety,free
80,aomori,pattaya,input output
81,aosta valley,apartments,bahrain
82,apartments & residential rentals,apartments rent,website
83,apparel,apparel,input output
84,apparel services,apple,business
85,apple ios,apple,product
86,aquaculture,aquaculture,home
87,aquitaine,arabic,sale
88,arab & middle eastern music,arab,input output
89,arabs & middle easterners,arab,input output
90,aragon,aragon,services
91,arcade & coin-op games,archaeological,schools
92,archaeology,architectural,control
93,architecture,architecture,vancouver
94,argentina,argentina,accommodation
95,arizona,arizona,government
96,arkansas,arkansas,development
97,armenia,armenia,film
98,army,army,north carolina
99,art & craft supplies,art education,sites
101,art museums & galleries,arts crafts,ireland
100,arthritis,arthritis,los
103,arts & entertainment,art,online
102,arts education,arts,input output
104,"aruba, bonaire & cura?ao",removal,property
105,asia,asian,cost
106,asians & diaspora,asset,office
107,asset & portfolio management,assisted,information
108,assisted living & long term care,assisted,city
109,assistive technology,assistive technology,chinese
110,asthma,asthma,st
111,astrology & divination,study,input output
112,astronomy,astronomy,video
113,asturias,paraguay,music
114,athens,athens,usa
115,athletic apparel,athletic,input output
116,athletic shoes,athletic,water
117,atlanta,atlanta,ski
118,atlantic provinces,atm,game
119,atmospheric science,atm,input output
120,atms & branch locations,attractions,gold coast
121,auckland,auckland,supplies
122,auctions,auctions,new
123,audi,audi,free online
126,audio & music software,audi,theater
124,audio equipment,audio,input output
125,audio files formats & codecs,audio,online
127,austin-round rock,austin texas,weather
128,australia,australian,singapore
129,australian football,australian,rock
130,austria,authentic,rate
131,auto exterior,auto finance,online
132,auto financing,auto,city
133,auto insurance,auto insurance,india
134,auto interior,automobile,policy
136,auto racing,auto racing,office
135,automotive industry,automotive,engine
137,autos & vehicles,auto,new
138,auvergne,average,tourist
139,aviation,aviation,tamil
140,azerbaijan,azerbaijan,travel
141,azores & madeira,babies,holidays
142,babies & toddlers,baby boy,air
145,baby & pet names,baby,day
146,baby & toddler toys,bachelor,papua new
143,baby care & hygiene,baby,usa
144,baby food & formula,baby,outdoor
147,baden-wuerttemberg,bad,west
148,bahamas,bahamas,sale
149,bahia,bahia,input output
150,bahrain,bahrain,football
151,baja california,baja,weather
152,baked goods,baked,input output
153,bakeries,baking,shoes
154,balearic islands,islands,input output
155,bali,bali,coast
156,baltics,baltimore,sale
157,baltimore metro,baltimore,power
158,bangalore,bangalore,car
159,bangkok,bangkok,weather
160,bangladesh,bangladesh,deals
162,bank-owned & foreclosed properties,bank owned,services
161,banking,bank,south
163,bankruptcy,bankruptcy,central
164,barbados,barbie,sports
165,barcelona,barcelona,power
166,bari,bari,security
167,"bars, clubs & nightlife",bars,input output
168,baseball,baseball,computer
169,baseball equipment,baseball,prices
170,basilicata,basket,input output
171,basketball,basketball,uk
172,basketball equipment,basketball,facts
173,basque country,bass,market
174,bathroom,bathroom,sale
175,baton rouge,baton rouge,department
176,bavaria,bavaria,listings
177,bbq & grilling,bbq,money
178,beaches & islands,beautiful,jacksonville
179,beauty & fitness,beauty pageant,input output
180,beauty pageants,bed breakfast,tulsa
181,bed & bath,bed bath,shop
182,bedding & bed linens,bed,care
183,bedroom,bedroom,rental
184,beds & headboards,beds,input output
185,beef,beef,shop
186,beer,beer,social
187,beijing,beijing,deals
188,belarus,belarus,holiday
189,belgium,belgium,france
190,belize,belize,kids
191,belo horizonte,benefits,investment
192,benelux,bengal,sale
193,bentley,bentley,classic
194,berlin,berlin,car
195,bermuda,best,tv commercials
196,beverages,beverage,recipes
197,bhutan,bhutan,maps
198,bicycles & accessories,big,names
199,big island (hawaii),big,prices
200,bihar,bihar,places
201,bike accessories,bike,service
202,bike frames,bike helmet,best
203,bike helmets & protective gear,bike,input output
204,bike parts & repair,billiard,board
205,billiards,billiards,equipment
206,billing & invoicing,billing,weather
207,"binoculars, telescopes & optical devices",conservation,input output
208,biographies & quotations,biological,south
209,biological sciences,biotech,dress
210,birds,birds,art
211,birmingham (al),birmingham,wedding
212,birmingham (uk),birth certificate,airport
213,birth control,birthday,coast
214,birthdays & name days,blackberry,shirts
216,black sea turkey,blank,deals
215,blackberry os,black,festival
217,blenders,block,west
218,blogging resources & services,blue,legal
221,blu-ray players & recorders,blu,game
219,blues,blues,game
220,bluetooth accessories,bluetooth,technology
222,bmw,bmw,games online
223,bmx bikes,bmx,news
224,board games,boat,parts
225,boating,boats sale,companies
226,boats & watercraft,boca,shopping
227,bodrum,bodrum,estate
228,body art,body art,food
229,bodybuilding,bodybuilding,game
230,bogota,bogota,tickets
231,bolivia,bolivia,events
232,bollywood & south asian film,bond,new
233,bonds,booking,systems
235,book retailers,books,holiday
234,bookkeeping,bookkeeping,film
236,books & literature,books,gold
237,boots,bora,treatment
238,bordeaux,bosch,cheap flights
239,bosnia and herzegovina,bosnia,prices
240,boston metro,boston,film
241,botswana,botswana,companies
242,bottled water,boutique,supply
243,bowling,bowling,home
244,bowling equipment,bowling,video
245,boxing,boxing,games
246,boxing gloves & gear,brain,effects
248,brand management,brand,systems
247,brandenburg,branding,services
249,brasilia,brasilia,university
250,brazil,brazil,news
251,brazilian music,brazil,shopping
252,bread makers,bread,hotel
253,breakfast foods,breaking,fl
254,bremen,bremen,tennis
255,bridal wear,bridal wear,ideas
256,brisbane,brisbane,law
257,bristol,bristol,website
258,british columbia,british,garden
259,brittany,brittany,card
260,broadcast & network news,broadway,services
261,broadway & musical theater,broadway,uk
262,brokerages & day trading,sculpture,service
263,broward-fort lauderdale,brown,medical
264,brunei,brunei,information
265,brussels,brussels,hotels
266,bucharest,bucharest,international
267,budapest,budapest,places
268,buddhism,budget,desktop
269,buenos aires,buenos,bike
270,buffalo-niagara falls,buffalo,input output
271,buick,buick,event
272,building materials & supplies,building,input output
273,building toys,build,player
274,bulgaria,bulgaria,las
275,burgers,burger,input output
276,burgundy,burgundy,weather
277,burkina faso,burkina,australia
278,bursa,bursa,south
294,bus & rail,butcher,fl
279,busan,busan,malaysia
281,business & corporate law,business directory,public
285,business & industrial,business management,life
288,business & personal listings,business plan,list
291,business & productivity software,business,india
293,business & tycoon games,bus,india
280,business cards & stationary,business,australia
282,business education,business education,credit
283,business finance,business finance,online
284,business formation,business sale,programs
286,business news,business news,management
287,business operations,business opportunities,service
289,business plans & presentations,business plan,input output
290,business process,business process,book
292,business services,business,credit
295,butchers,buy,greeting
352,c & c++,cd dvd,job
356,c?diz,cd,software
511,c?te d'ivoire,ct,input output
296,cable & satellite providers,cabo,commercial
297,cad & cam,cad cam,books
298,cadillac,cadillac,open
299,cairns,cairns,phone
300,cairo,cairo,africa
301,calabria,calabria,download
302,calculators & reference tools,calendar,online
303,calendar & scheduling software,calendar,input output
304,calgary,calgary,technology
305,california,california,input output
306,california central coast,california,professional
307,calling cards,calories,food
308,cambodia,cambodia,map
309,camcorders,camera,online
311,camera & photo equipment,camera,input output
310,camera lenses,camera lenses,input output
312,cameras,cameras,input output
313,cameras & camcorders,cameras,travel
314,cameroon,cameroon,islands
315,campaigns & elections,campaign,input output
316,campania,campers,used
317,campers & rvs,camping,south korea
318,canada,canadian,employment
319,canadian prairies,canadian,attractions
320,canary islands,canary islands,real
321,canberra,canberra,search
323,canc?n & riviera maya,candy,north
322,cancer,cancer,women
324,candy & sweets,canon,cuisine
325,cantabria,coral,events
326,cape town,capital,records
327,cappadocia,cappadocia,rental
329,car audio,car audio,popular
333,car electronics,car sale,free download
339,car rental & taxi services,cartoon,politics
341,car video,casino,comparison
328,caracas,caracas,vacation
330,card games,card games,airport
331,cards & greetings,career,plan
332,career resources & planning,careers,chicago
334,cargo trucks & trailers,car hire,cheap
335,caribbean,caribbean,uk
336,caribbean cuisine,caribbean,colorado
337,carnival & mardi gras,carpet,reviews
338,carpooling & vehicle sharing,car rental,lake tahoe
340,cartoons,cartoon,film
342,castile and le?n,spain,input output
343,castile-la mancha,cast,software
344,casual apparel,casual,input output
345,casual games,casual,input output
346,casual shoes,casual,software
347,catalonia,catalonia,shoes
348,catering,catering,disorders
349,cats,cattle,video
350,caucasus,causes,plans
351,cayman islands,cayman islands,medical
353,cd & audio shopping,cd,services
354,cd & dvd drives & burners,cd dvd,car
355,cd & dvd storage media,cd,free
357,cear?,dressing,input output
358,cebu,cebu,luxury
359,celebrities & entertainment news,celebrity,indonesia
363,central & eastern europe,central,input output
360,central america,central america,university
361,central anatolia,central,input output
362,central asia,central asia,list
364,central florida,central florida,insurance
365,central france,central,input output
366,central mexico,central,hotel
367,central west brazil,central,input output
368,centre,ceramic,social
369,ceramics & pottery,certified,insurance
370,chad,chad,guide
371,champagne-ardenne,champagne,recipes
372,changchun,channel,los
373,charity & philanthropy,charleston,christmas
374,charlotte metro,cheap,normandy
375,cheerleading,cheerleading,football
376,cheese,chemical,cape
377,chemicals industry,chemicals,input output
378,chemistry,chemistry,facts
379,chennai,chennai,social
380,chess & abstract strategy games,freezer,news
381,chevrolet,chevrolet,africa
382,chhattisgarh,chhattisgarh,attractions
383,chiang mai,chiang,women
384,chiapas,rainforest,input output
385,chiba,chiba,hotel
386,chicago,chicago,natural
387,chihuahua,chihuahua,movie
388,child care,child,costume
389,children's clothing,childrens,services
390,children's literature,childrens,virginia
391,chile,chile,tickets
392,china,china,iran
393,chinese cuisine,chinese,institute
394,chips & processors,chocolate,lake
395,cholesterol issues,cholesterol,input output
396,chongqing,chongqing,women
397,christchurch,christian,men
398,christian & gospel music,christian,online
399,christian holidays,christian,input output
400,christianity,christian,live
401,christmas,christmas,costa
402,chrysler,chrysler,usa
403,chubu,roll,hotel
404,chugoku,cia,near
405,cincinnati,cincinnati,road
406,circus,citroen,population
407,citro?n,break,online
409,city & local guides,city,investment
408,city building games,city building,jobs
410,civil engineering,civil,mozambique
412,classic films,classic,recipes
413,classic rock & oldies,classic,music
414,classic vehicles,classified,online
411,classical music,classical,truck
415,classifieds,classroom,events
416,cleaning agents,cleaning,training
417,cleaning supplies & services,cleanse,input output
418,cleansing & detoxification,clearance,care
419,clerical & administrative jobs,cleveland,tourism
420,climate change & global warming,climate,test
421,clip art & animated gifs,clipart,online
422,clocks,clothes,day
423,clothing accessories,cloud,media
424,clubs & organizations,cnn,denver
425,coatings & adhesives,cocktail,care
426,coffee,coffee,list
427,coffee & espresso makers,coffee,books
428,coffee & tea,coin,care
429,cold & flu,cold,film
430,collectible card games,college,slovakia
431,college sports,college sports,design
432,colleges & universities,majors,real estate
433,cologne,cologne,input output
434,colombia,colombia,events
435,colorado,colorado,cards
436,columbus (oh),columbus,radio
437,combat sports,sports,input output
438,combat sports equipment,comedy,city
439,comedy films,comedy,websites
440,comics,comics,input output
441,comics & animation,commercial,gas
442,commercial & investment real estate,commercial,input output
443,commercial lending,commercial,hard
444,commercial vehicles,commercial vehicle,food
445,commodities & futures trading,common,real estate
447,communications & media studies,compact,plans
446,communications equipment,communications,input output
448,company earnings,company,input output
449,company news,compare,ski
450,compensation & benefits,complete,bike
462,computer & video games,concerts,north
451,computer components,computer components,australia
452,computer drives & storage,computer,input output
453,computer education,computer,information
454,computer hardware,computer hardware,sales
455,computer memory,computer memory,list
456,computer monitors & displays,computer,download
457,computer peripherals,computer,history
458,computer science,computer science,search
459,computer security,computer security,services
461,computer servers,computers,science
460,computers & electronics,server,input output
463,concerts & music festivals,concert,property
464,condiments & dressings,condos,review
465,congo (dr),congo,business
466,connecticut,connecticut,basketball
467,constitutional law & civil rights,constitution,school
469,construction & maintenance,construction,games
470,construction & power tools,construction,insurance
468,construction consulting & contracting,construction,africa
471,consulting,consulting,input output
472,consumer advocacy & protection,consumer,input output
473,consumer electronics,consumer,japan
474,consumer resources,contemporary,education
475,content management,content,san
476,"contests, awards & prizes",convenience store,learning
477,convenience stores,convert,gold
479,cooking & recipes,cooking,shop
478,cooking fats & oils,cooking,input output
480,cookware & diningware,cool,learning
481,copenhagen,copenhagen,price
482,copiers,corner,shops
484,corporate & financial crime,corporate,supply
483,corporate events,corporate events,jobs
485,corporate training,corporate training,events
486,corsica,corsica,tours
487,cosmetic procedures,cosmetics,cheap
488,cosmetic surgery,cosmetic surgery,women
489,cosmetology & beauty professionals,cosmetology,travel
490,costa rica,cost,seoul
491,costumes,cottages,beach
492,counseling services,countries,eating
493,country music,country music,cruise
494,coupons & discount offers,coupons,hotels
495,couriers & messengers,courses,information
496,courts & judiciary,craft,fort
497,crafts,create,york city
499,credit & lending,credit,online
498,credit cards,credit cards,africa
500,credit reporting & monitoring,credit score,food
501,crete,crete,flights
502,cricket,cricket,sports
503,cricket equipment,cricket,information
505,crime & justice,criminal justice,pictures
504,crimea,crimea,weather
506,criminal law,crm,company
507,croatia,croatia,homes
508,crops & seed,cruise,island
509,cruiser bikes,cruiser,south
510,cruises & charters,cruises,world
512,cuba,cuba,tickets
513,cuernavaca (morelos),cuisinart,book
514,cuisines,culinary,england
515,culinary training,culinary,hotel
516,cult & indie films,culture,southern
517,currencies & foreign exchange,currency,oven
520,custom & performance vehicles,custom,input output
521,custom & personalized items,cute,photos
518,customer relationship management (crm),customer,training
519,customer services,custom,development
522,cutlery & cutting accessories,cycle,gold
523,cycling,cycling,input output
524,cycling apparel,cycling,books
525,cyprus,cyprus,real estate
526,czech republic,czech republic,places
528,daegu,daegu,input output
529,daejeon,daily,loss
530,dairy & eggs,dairy,world
531,dallas-fort worth,dallas,restaurant
532,dance,dance,video
533,dance & electronic music,dance,tourist attractions
534,data backup & recovery,database,small
535,data formats & protocols,data,input output
536,data management,data,ideas
537,data sheets & electronics reference,dating,statistics
538,dating & personals,day,travel insurance
539,debit & checking services,debt collection,london
540,debt collection & repossession,debt,australia
541,debt management,debt management,credit
542,defense industry,define,guinea
543,delaware,delaware,facts
544,delhi,delhi,design
545,delicatessens,delivery,online
546,deltona-daytona beach,demographic,history
547,demographics,demographics,law
548,denmark,dental,paris
549,denver,denver,providers
550,depression,derivative,market
551,derivatives,derivatives,ideas
552,design,designer,guitar
553,desktop computers,desktop,australia
554,desktop publishing,desktop publishing,company
555,desserts,detox,pradesh
556,detroit,detroit,cheap flights
557,development tools,device driver,input output
558,device drivers,device,property
559,diabetes,diabetic,prices
560,dice games,goods,computer
561,dictionaries & encyclopedias,diecast,canada
562,die-cast & toy vehicles,digital,chrysler
563,dining guides,diploma,debt
564,directories & listings,disability,center
565,disabled & special needs,discount,bali
566,discount & outlet stores,discount,special
567,discrimination & identity relations,diseases,rights
568,dishwashers,distance,park
569,distance learning,distance learning,san
570,distributed & parallel computing,distribution,input output
571,distribution & logistics,diving,wales
572,diving & underwater activities,divorce,facts
573,divorce & separation,diy,service
574,dj resources & equipment,dmv,engine
575,doctors' offices,documentary film,video
577,document & printing services,document,input output
576,documentary films,documentary,input output
578,dodge,dodge,hiv
579,dogs,dogs sale,engine
580,dolls & accessories,domestic,country
581,domestic services,domestic,management
582,dominica,dominica,hotel
583,dominican republic,dominican,marketing
584,dongguan,door,hotels
585,doors & windows,double,cell
586,download managers,downtown,oregon
587,drag & street racing,drama,input output
588,drama films,drama,free
589,drawing & coloring,drawing,china
591,dress-up & fashion games,drinking,parking
590,dresses,dress,kids
593,driving & racing games,driving,racing
592,driving instruction & driver education,driving lessons,game
594,drug & alcohol testing,drug alcohol,input output
595,drug & alcohol treatment,drug alcohol,input output
596,drug laws & policy,drugs,health
597,drugs & medications,drum,florida
598,drums & percussion,drunk,input output
599,drunk driving law,dual,child
600,dublin,dublin,pradesh
601,duesseldorf,dvd,buenos aires
603,dvd & video rentals,shopping,input output
604,dvd & video shopping,dvr,input output
602,dvd players & recorders,dvd,software
605,dvrs & set-top boxes,dye,hotels
606,dyes & pigments,early,tickets
627,e-book readers,ebook,input output
628,e-books,eco,training
630,e-commerce services,economic,shows
608,ear nose & throat,earth,central
607,early childhood education,early,personal
609,earth sciences,earth,estate
610,east asia,east asia,management
611,east asian cuisine,asian,input output
612,east asian music,east,input output
613,east asians & diaspora,east,list
621,east france,east,input output
622,east india,east india,estate
623,east midlands,east midlands,college
624,east of england,east england,input output
625,east timor,easy,affiliate
614,easter,easter,party
615,eastern africa,eastern,input output
616,eastern anatolia,eastern,input output
617,eastern china,eastern,input output
618,eastern europe,eastern european,input output
619,eastern european cuisine,eastern european,input output
620,eastern europeans,eastern,human
626,eating disorders,eating,auto
629,ecology & environment,commerce,australia
631,economics,economics,information
632,economy news,economy,companies
633,ecotourism,ecotourism,history
634,ecuador,ecuador,today
635,edgy & bizarre,pacific northwest,input output
636,edinburgh,edinburgh,park
637,edmonton,edmonton,shop
638,education,educational,services
642,education jobs,education,america
639,educational games,educational,education
640,educational resources,educational,online
641,educational software,education,uk
643,egypt,egypt,games
644,ehime,electrical,certificate
651,el paso,el paso,attractions
652,el salvador,el salvador,tourist
646,electric & plug-in vehicles,electric,america
645,electricity,electricity,school
647,electromechanical devices,mechanical,online
648,electronic accessories,electronic,game
649,electronic components,electronic,perth
650,electronics & electrical,elite,bed
653,email & messaging,email,south
654,embassies & consulates,emergency,vacation
655,emergency services,emergency services,america
656,emilia-romagna,employment,silicon
657,endocrine conditions,energy,day
658,energy & utilities,engineering,stores
660,engine & transmission,transmission,input output
659,engineering & technology,engine,services
661,england,english,sightseeing
662,enterprise resource planning (erp),enterprise,input output
663,enterprise technology,entertainment,input output
664,entertainment industry,entertainment industry,news
665,entertainment media,entertainment,input output
666,entertainment media rentals,environmental,guinea
667,equestrian,equestrian,business
668,equestrian equipment & tack,equestrian,apartment
669,erectile dysfunction,erp,manager
670,espirito santo,essay,north
671,essen (ruhr area),estate planning,carolina
672,estonia,ethical,review
673,ethics,ethics,input output
674,ethiopia,ethiopia,health
675,ethnic & identity groups,ethnic,input output
676,etiquette,euro,capital
677,europe,european,family
678,event planning,event planning,new
680,event ticket sales,examples,tv shows
679,events & listings,events,online
682,exchange traded funds,traded,list
681,exchanges,traded,input output
684,executive & management jobs,exercise,magazine
683,executive branch,executive,pictures
685,exotic pets,exotic,recipes
686,expatriate communities,experience,health
687,experimental & industrial music,export,public
688,expos & conventions,external,insurance
689,extremadura,extreme,flights
690,extreme sports,extreme sports,photos
691,eye exams & optometry,eyeglasses,input output
692,eyeglasses & contacts,eye,ideas
693,eyewear,fabric,new
694,face & body care,facial,ideas
695,factory automation,facts,oklahoma
696,family,family,legal
700,family & relationships,famous,mississippi
697,family films,family holidays,asia
698,family law,family law,book
699,family-oriented games & activities,family,business
701,fan fiction,fantasy,girls
702,fantasy sports,fantasy,software
703,far eastern russia,farmers market,london
704,farmers' markets,farms,lake
705,farms & ranches,fashion,card
708,fashion & style,fashion,korea
706,fashion designers & collections,fashion,history
707,fashion modeling,fashion model,companies
709,fast food,fast,small business
710,fax machines,federal,job
711,feed aggregation & social bookmarking,female,stock
712,ferrari,ferrari,lauderdale
713,fiat,fiat,brisbane
714,fiber & textile arts,fight,supplies
715,fighting games,figure,input output
716,fiji,fiji,property
717,file sharing & hosting,filing,job
719,film & tv awards,film,input output
720,film & tv industry,film,input output
721,film & tv production,filter,jobs
718,film festivals,film,university
722,finance,finance,town
723,financial markets,financial,estate
724,financial planning & management,financial,swimming
725,fine dining,fine dining,mumbai
726,finland,finland,college
727,fire & security services,person,training
728,fiscal policy news,fish,input output
729,fish & aquaria,fish,list
731,fish & seafood,tank,computer
730,fishing,fishing,kids
732,fitness,fitness,india
733,fitness equipment & accessories,fitness equipment,uk
734,fitness instruction & personal training,fixed,usa
736,flash drives & memory cards,flights,papua
735,flash-based entertainment,flash,input output
737,flooring,flora fauna,japan
738,flora & fauna,flora,input output
739,florence,florence,holidays
740,florida,florida,legal
741,florida keys,florida keys,pictures
742,florida panhandle,flower,recipes
743,flowers,flowers,rentals
744,fluid handling,fly,idaho
745,folk & traditional music,cheese,input output
746,fonts,fonts,input output
747,food,food drink,jobs
748,food & beverage events,food delivery,search
749,food & drink,food,service
750,food & grocery delivery,grocery,input output
751,food & grocery retailers,food,statistics
752,food processors,processors,jobs
753,food production,food production,facts
754,food service,football,slovakia
755,footwear,footwear,uk
756,ford,ford,nz
757,foreign language resources,foreign language,input output
758,foreign language study,forensic,university
759,forestry,forestry,magazine
760,formal wear,formal wear,australia
761,forms guides & templates,sale owner,search
763,fort myers-cape coral,fort myers,jobs
762,fortaleza,fort lauderdale,supplies
764,forum & chat providers,fox,make
765,france,france,korea
766,franche-comt?,franchise,hotel
767,frankfurt,frankfurt,real
768,fraternal orders & service clubs,organizations,input output
769,"fraternities, sororities & student societies",free,irish
770,freeware & shareware,free web,reviews
771,freight & trucking,french,law
772,french cuisine,french,law
773,french guiana,french guiana,rental
774,french overseas (dom-tom),fresh,toronto
775,friendship,friendship,books
776,friuli-venezia giulia,frozen,animals
777,fruits & vegetables,fuel,florida
778,fuel economy & gas prices,fuel,input output
779,fujian,fujian,airport
780,fukui,japan,input output
781,fukuoka,fukuoka,food
782,fukushima,fukushima,cameroon
785,fun & trivia,furniture stores,goods
784,fun tests & silly surveys,fun things,input output
783,funds,funny,ethiopia
786,gadgets & portable electronics,galapagos,food
787,galapagos islands,galapagos,san
788,galicia,galicia,tourist
789,gambling,gambling,company
790,game cheats & hints,game,watch
792,game systems & consoles,gaming,world
791,games,games,trading
793,gaming media & reference,gaming,south
794,gangs & organized crime,violence,input output
795,gangwon,korea,input output
796,gansu,garage,homes sale
797,gardening & landscaping,gay,barcelona
798,gay-lesbian-bisexual-transgender,gay,indian
799,gems & jewelry,genealogy,services
800,general reference,generator,uk
801,generators,genetic,card
802,genetic disorders,genetic,input output
803,genetics,genetics,online
804,geneva,geneva,tickets
805,genoa,genoa,luxury
806,geographic reference,geography,service
807,geology,geology,usa
808,georgia,georgia,loans
809,georgia (usa),gerd,management
810,gerd & digestive disorders,german,companies
811,german cuisine,german,marriage
812,germany,getting,tours
813,ghana,ghana,language
814,gifts,gifts,kids
815,gifts & special event items,gift,online
816,gifu,girls,juice
817,glasgow,global,agents
819,gm-daewoo,motors,input output
818,gmc,gmc,usa
820,goa,goa,driving
821,goi?s,gold,estate
822,gold coast,gold,kyoto
823,golf,golf,usa
824,golf equipment,good,environment
825,gossip & tabloid news,gothic,tv
826,goth subculture,gourmet,tours
827,gourmet & specialty foods,gourmet,input output
828,government,government,insurance
832,government & public sector jobs,govt,gas
829,government contracting & procurement,government,insurance
830,government grants,government jobs,money
831,government ministries,government,asia
833,gps & navigation,graduate,york
834,grains & pasta,grand,day
835,grand rapids-west michigan,grants,power
836,"grants, scholarships & financial aid",graphic,input output
837,graphic design,graphic,free online
838,graphics & animation software,great,systems
845,great plains (usa),great,jobs
839,greater charleston (sc),greater,input output
840,greater cleveland,greater,input output
841,greater hartford,greater,input output
842,greater orlando,greater,input output
843,greater st. louis,greater,input output
844,greater toronto,great,science
846,greece,greece,day
847,greek cuisine,greek,soccer
848,green & eco-friendly shopping,green,sale
850,green living & environmental issues,green,services
849,greenland,greenland,places
851,grenada,grenada,price
852,guadalajara,guadalajara,estate
853,guadeloupe,guadeloupe,input output
854,guam,guam,tourist
855,guanajuato,violence,input output
856,guangdong,guangdong,news
857,guangxi,province,input output
858,guangzhou,guangzhou,tourism
859,guatemala,guatemala,map
860,guerrero,guitar,cholesterol
861,guitars,guitar,input output
862,guizhou,province,input output
863,gujarat,gujarat,capital
864,gunma,sacramento,new
865,guyana,guyana,island
866,gwangju,place,music
867,gyeonggi,gymnastic,free download
868,gymnastics,gymnastics,uk
869,gymnastics equipment,gymnastics,health
870,gyms & health clubs,gyms,gas
871,hacking & cracking,hacking,game
872,hainan,hainan,hotel
873,hair care,hair care,health
874,hair loss,hair,center
875,haiti,haiti,st
876,halifax,halifax,spain
877,halloween & october 31st,halloween,travel
878,hamburg,hamburg,deals
879,hamilton-niagara peninsula,ham radio,treatment
880,handbags & purses,handbags,input output
881,handball,handball,films
882,handheld game consoles,handheld,sales
883,hangzhou,hangzhou,flights
884,hanoi,happy,exchange
885,harare,harare,input output
886,harbin,harbin,near
887,hard drives,hard rock,mexico
888,hard rock & progressive,hardware,tv
889,hardware modding & tuning,hardware,school
890,harrisburg-south central pa,harvard,east
891,hawaii,hawaii,villas
892,hdtvs,headache,input output
893,headaches & migraines,head,uk
894,headphones,head,india
895,headwear,headwear,music
896,health,healthcare,bristol
901,health & medical jobs,health,input output
897,health conditions,health,games
898,health education & medical training,health,input output
899,health foundations & medical research,health,input output
900,health insurance,health insurance,australia
902,health news,health news,south
903,health policy,health policy,india
904,healthy eating,healthy,lesson
905,heart & hypertension,heavy equipment,hostel
906,heavy machinery,heavy,tours
907,hebei,hedge fund,san
908,hedge funds,hedge,south
909,heilongjiang,help,gear
910,helsinki,helsinki,price
911,henan,herbal,packages
912,herbs & spices,herbs,estate
913,hesse,high,pa
914,hiking & camping,hiking,bay
915,hinduism,hinduism,plastic
916,hiroshima,hiroshima,girls
917,historical sites & buildings,historical,food
918,history,history,videos
920,ho chi minh city,ho chi,information
919,hobbies & leisure,hobby,sale
921,hockey,hockey,input output
922,hockey equipment,hockey,china
923,hokkaido,holiday,los angeles
924,holidays & seasonal events,hollywood,oman
929,home & garden,home,island
925,home appliances,home,association
926,home equity loans & lines of credit,home equity,input output
927,home financing,home,game
928,home furnishings,home furnishings,cheap
930,home improvement,home improvement,deals
931,home insurance,homemade,food
933,home office,home office,program
934,home refinancing,homeschool,bank
936,home storage & shelving,home theater,software
937,home theater systems,home theater,property
932,homemaking & interior decor,home,list
935,homeschooling,homes sale,kyoto
938,honda,honda,center
939,honduras,honeymoon,sport
940,hong kong,hong,british
941,horror films,horror,florida
942,horse & dog racing,horse,video
943,horses,horticultural,development
944,horticulture,horticulture,business
945,hospitality industry,hospitality,new
946,hospitals & treatment centers,host,input output
947,hosted data storage,hotel,50
948,hotels & accommodations,hotels,hunan
949,house painting & finishing,houses,plumbing
950,housing & development,housing,public
951,houston,does,alcoholic
952,"how-to, diy & expert content",make,harvard
953,hsinchu,mobiles,card
954,hubei,human,symptoms
956,human resources,human resources,women
957,human rights & liberties,human,london
955,humanities,human resource,education
958,hummer,hummer,football
959,humor,humorous,women
960,hunan,hunan,college
961,hungary,hunting,air
962,hunting & shooting,hunting,estate
963,hvac & climate control,hvac,input output
964,hybrid & alternative vehicles,hybrid,search
965,hyderabad,hydraulic,today
966,hydropower,hydropower,list
967,hygiene & toiletries,hygiene,input output
968,hyogo,hypertension,weather
969,hyundai,hyundai,center
970,ibaraki,ice hockey,accommodation
972,ice skating,ice skating,equipment
973,ice skating equipment,ice skating,ireland
971,iceland,iceland,10
974,idaho,idaho,attractions
975,identity theft & protection,id,websites
976,illinois,illinois,transfer
977,immigration policy & border issues,importance,sound
978,import & export,import export,thailand
979,incheon,independent,supply
980,india,india,visit
983,indian cuisine,indian,books
984,indian ocean islands,indian,online
981,indiana,indiana,rentals
982,indianapolis,indianapolis,east
985,indie & alternative music,indie,spain
986,indigenous peoples,peoples,north
987,individual sports,vision,input output
988,indonesia,indoor,cruise
990,industrial & product design,infant,organic
989,industrial materials & equipment,industrial,input output
991,infectious diseases,infectious,video
992,infertility,infertility,india
993,infiniti,information,beverages
994,inheritance & estate planning,injuries,computer
995,injury,ink,public
996,ink & toner,toner,input output
997,inland empire,inland,plan
998,inner mongolia,inner,attractions
999,input devices,input devices,flights
1000,insects & entomology,instant,valley
1001,insurance,integrated,house
1002,intellectual property,intellectual property,movie
1003,intelligence & counterterrorism,interesting,aids
1004,interior design,international,corporate
1005,international relations,internet cafe,diseases
1009,internet & telecom,internship,east
1006,internet cafes,internet cafe,beach
1007,internet clients & browsers,internet,brunswick
1008,internet software,internet,jobs
1010,internships,introduction,political
1011,investing,investing,search
1012,investment banking,investment,bc
1013,ios apps,ios,news
1014,iowa,iowa,army
1015,iran,iran,mobile
1016,iraq,iraq,weather
1017,ireland,irish,apartments rent
1018,ishikawa,safe,art
1019,islam,islamic,live
1020,islamic holidays,islamic,health insurance
1021,isps,isp,input output
1022,israel,israel,island
1023,istanbul,istanbul,korea
1024,isuzu,isuzu,sydney
1027,it & technical jobs,want,phone
1025,italian cuisine,italian,girls
1026,italy,italy,hong
1028,iwate,lottery,input output
1029,izmir,izmir,web
1030,jacksonville,jacksonville,market
1031,jaguar,jaguar,tickets
1032,jaipur,jaipur,news
1033,jakarta,jakarta,holidays
1034,jalisco,menu,input output
1035,jamaica,jamaica,real estate
1036,"jams, jellies & preserves",supplies,uk
1037,japan,japanese,airport
1038,japanese cuisine,japanese,popular
1039,java (indonesia),java,software
1040,java (programming language),java,hotels
1041,jazz,jazz,input output
1042,jazz & blues,jazz,pictures
1043,jeep,jeep,sales
1044,jeju,jeju,shop
1045,jerusalem,jerusalem,ca
1046,jewish culture,jewish,input output
1047,jewish holidays,jewish,law
1048,jiangsu,jiangsu,input output
1049,jiangxi,province,input output
1050,jilin,job,resource
1051,job listings,job opportunities,el
1052,jobs,job search,industry
1053,jobs & education,jobs,oaxaca
1054,johannesburg,john,big
1055,jordan,jordan,online
1056,journalism & news industry,journal,photos
1057,judaism,judaism,social
1058,juice,junior,casino
1059,kagawa,transfer,input output
1060,kagoshima,kona,input output
1061,kalimantan,college engineering,news
1062,kanagawa,japan,input output
1063,kansai,kansai,weather
1064,kansas,kansas,input output
1065,kansas city,kansas,shopping
1066,kanto,kanto,input output
1067,kaohsiung,kaohsiung,food
1068,karachi,karate,restaurants
1069,karnataka,karnataka,website
1070,katowice (upper silesian),leather,input output
1071,kauai,kauai,tourism
1072,kawasaki,kawasaki,clothes
1073,kazakhstan,kazakhstan,life
1074,kentucky,kentucky,prices
1075,kenya,kenya,training
1076,kerala,kerala,virtual
1077,kia,kia,jazz
1078,kid's bikes,kids,non
1079,kiev,kiev,eating
1080,kinshasa,kitchenaid,local
1081,kitchen & dining,kitchen,health
1082,kitchen hoods & vents,kitchen,mountain
1083,knowledge management,knowledge management,africa
1084,kobe,kobe,cards
1085,kochi,kochi,rental
1086,kolkata,kona,movies
1087,konya,korean,international
1088,korean cuisine,korean,military
1089,kosher foods,kosher,home
1090,kosovo,kosovo,live
1091,krakow,krakow,international
1092,kuala lumpur,lumpur,property
1093,kumamoto,fu,search
1094,kuwait,kuwait,rental
1095,kyoto,kyoto,travel
1096,kyrgyzstan,kyrgyzstan,airport
1097,kyushu,kyushu,restaurant
1098,labor & employment law,ladies,brunei
1099,lagos,lagos,information
1100,lahore,lahore,west
1102,lake tahoe,lake tahoe,colleges
1101,lakes & rivers,rivers,input output
1103,lamborghini,lamborghini,store
1104,lamps & lighting,land sale,investment
1105,land rover,land rover,birmingham
1106,language resources,languages,kids
1107,languedoc-roussillon,lao,education
1108,laos,laos,foods
1109,laptops & notebooks,large,el paso
1111,las vegas,latest,traffic
1110,laser vision correction,minute,train
1112,latin america,latin america,business
1113,latin american cuisine,latin american,input output
1114,latin american music,latin,tourism
1116,latin pop,latin,input output
1115,latinos & latin-americans,percussion,input output
1117,latvia,latvia,history
1118,laundry,laundry,control
1120,law & government,lawn,furniture
1119,law enforcement,law enforcement,sales
1121,lazio,lazio,real estate
1122,lcd tvs,learn,agency
1123,learning & developmental disabilities,leather,project
1124,lebanon,lebanon,beach
1126,leeds-bradford,leeds,shop
1127,left-wing politics,politics,input output
1128,legal,legal aid,el
1129,legal education,legal education,input output
1130,legal forms,legal forms,australia
1131,legal jobs,legal jobs,today
1132,legal services,legal,office
1133,legislative branch,lesbian,listings
1134,lesson plans,level,hotels
1135,lexus,lexus,program
1136,liaoning,arts,weather
1137,libraries,museums,input output
1138,libraries & museums,library,kids
1139,libya,libya,video
1140,liechtenstein,liechtenstein,ireland
1141,life insurance,life insurance,usa
1142,life simulation games,light,coffee
1143,liguria,yunnan,input output
1144,lille,lille,rent
1145,lima,lima,luxury
1146,limousin,limousine,used
1147,lincoln,lincoln,clothes
1148,linux & unix,king,service
1149,liquor,liquor,san
1150,lisbon,list,cute
1151,literary classics,literature,new
1152,lithuania,little,foods
1153,live comedy,live,flight
1155,live sporting events,live sports,input output
1154,liverpool,liverpool,online free
1156,livestock,livestock,tuscany
1157,loans,loans,history
1158,lobbying,local,house
1159,local news,local,west
1160,locks & locksmiths,locksmith,scotia
1161,lombardy,london,medicine
1162,london (uk),long,theatre
1163,lorraine,lorraine,input output
1164,los angeles,los angeles,code
1165,los cabos,los cabos,safety
1166,lottery & sweepstakes,lottery,food
1167,louisiana,louisiana,information
1168,louisville,louisville,mens
1169,low carbohydrate diets,low cost,exchange
1172,low fat & low cholesterol diets,low,ohio
1170,lower normandy,lower,input output
1171,lower saxony,low fat,flights
1173,loyalty cards & programs,ltl,mobile
1174,luggage & travel accessories,lung,cuisine
1175,luxembourg,luxembourg,perth
1176,luxury goods,luxury,fiction
1177,lyon,lyon,wine
1289,m?laga,mlm,input output
1324,m?rida,ms,nevada
1180,mac os,mac os,house
1178,macau,macau,resorts
1179,machine learning & artificial intelligence,machinery,list
1181,madagascar,madagascar,bed
1182,madhya pradesh,madhya,office
1183,madrid,madrid,company
1184,magazines,magazines,input output
1185,magic,magic,sales
1186,maharashtra,maharashtra,table
1187,mail & package delivery,main,jobs
1188,maine,maine,auto
1189,major kitchen appliances,make,clothes
1190,make-up & cosmetics,malaria,test
1191,malawi,malawi,day
1192,malaysia,malaysia,home
1193,maldives,male,rights
1194,mali,mali,recipes
1195,malta,malta,water
1196,maluku islands,malware,internet
1197,management,management,high
1198,manchester,manchester,commercial
1199,manila,manila,film
1200,manitoba,manitoba,social
1201,manufacturing,map,malaysia
1202,maps,maps,mobile
1203,maranh?o,matrimony,input output
1204,marche,marine,michigan
1205,marines,mario,west
1206,maritime transport,maritime,games
1207,marketing,marketing,fund
1208,marmara region,cancun,uk
1209,marriage,marriage,services
1210,marseille,marseille,science
1211,martial arts,martial arts,home
1212,martial arts equipment,martial arts,sale
1213,martial arts films,martial,products
1214,martinique,martinique,tourist
1215,maryland,maryland,vehicle
1216,maserati,maserati,com
1220,mass merchants & department stores,maternity,toy
1217,massachusetts,massachusetts,food
1218,massage therapy,mass,food
1219,massive multiplayer,mass,input output
1221,mathematics,mathematics,pictures
1222,mato grosso,brazil,input output
1223,mato grosso do sul,matrimonial,input output
1224,matrimonial services,matrimony,north
1225,mattresses,mattress,travel
1226,maui,maui,chinese
1227,mazda,mazda,plumbing
1228,meat & seafood,mechanical,input output
1229,mecklenburg-vorpommern,media,travel
1230,media critics & watchdogs,media player,west
1231,media players,medical device,washington
1232,medical devices & equipment,medical,input output
1233,medical facilities & services,medical,news
1234,medical literature & resources,medical,online
1235,medical photos & illustration,procedure,input output
1236,medical procedures,medical,books
1237,medical tests & exams,medication,party
1238,mediterranean cuisine,mediterranean,input output
1239,mediterranean europe,mediterranean,input output
1240,mediterranean turkey,meet,care
1241,melanesia,micronesia,input output
1242,melbourne,melbourne,water
1243,memory card readers,memory,input output
1244,memphis,memphis,things
1245,men's clothing,mens,usa
1246,men's health,mens health,input output
1247,men's interests,men,input output
1248,men's interests (mature),mens,australia
1249,mental health,mental,day
1250,mercedes-benz,mercedes,wiki
1251,merchant services & payment systems,merchant services,input output
1252,mercury,mercury,accounting
1253,mergers & acquisitions,merida,dvd
1254,mersin,metal,arts
1255,metal (music),metal,history
1256,metals & mining,metro,washington
1257,mexican cuisine,mexican,supply
1258,mexico,mexico,input output
1259,mexico city,mexico city,apartments
1260,mexico state,miami,rent
1261,miami-dade,miami dade,rome
1262,michigan,michigan,news
1263,michoac?n,mouse,input output
1264,microblogging,micro,input output
1265,microcars & city cars,micro,input output
1266,micronesia,microsoft,girls
1267,microwaves,microwave,map
1268,mid-atlantic (usa),mid,input output
1269,middle africa,middle,input output
1270,middle east,middle east,input output
1271,middle eastern cuisine,middle,travel
1272,midi-pyr?n?es,mid,cars
1273,midwest (usa),vacation spots,input output
1274,mie,migraine,america
1275,milan,milan,card
1276,military,military,women
1277,military history,military,bay
1278,milwaukee,milwaukee,store
1279,minas gerais,mind,international
1280,mini,miniature,input output
1281,miniatures & wargaming,ministry,fine
1282,minneapolis-saint paul,minneapolis,input output
1283,minnesota,minnesota,houses sale
1284,mississippi,mississippi,medical
1285,missouri,missouri,turkey
1286,mitsubishi,mitsubishi,wales
1287,miyagi,karate,input output
1288,miyazaki,miyazaki,input output
1290,mlm & business opportunities,mls,agencies
1294,mobile & wireless,wireless,input output
1295,mobile & wireless accessories,mobility,input output
1291,mobile apps & add-ons,mobile,park
1292,mobile os,mobile phone,china
1293,mobile phones,mobile,treatment
1296,mobility equipment & accessories,model,indonesia
1297,model trains & railroads,modern,san francisco
1298,moldova,moldova,sports
1299,molise,volleyball,input output
1300,monaco,monaco,melbourne
1301,money transfer & wire services,wire,input output
1302,mongolia,mongolia,gold
1303,montana,montana,cuisine
1304,montenegro,montenegro,school
1305,monterrey,monterrey,college
1306,montpellier,montpellier,uk
1307,montreal,montreal,las vegas
1308,morocco,mortgage,resorts
1309,mortgages,mortgage,news
1310,moscow,motels,orange county
1313,motor sports,mountain bike,clothes
1311,motorcycle racing,motorcycle racing,equipment
1312,motorcycles,motorsport,sites
1315,mountain & ski resorts,mount,racing
1314,mountain bikes,mountain,mexico
1316,movie listings & theater showtimes,movie,input output
1317,movie memorabilia,movie,equipment
1318,movie reference,movie,input output
1319,movie reviews & previews,movie,input output
1320,movies,movies,war
1321,moving & relocation,moving,beach
1322,mozambique,mozambique,cost
1323,mp3 & portable media players,mp4,store
1325,mu?la,multi,games
1326,multilateral organizations,multimedia,health
1327,multimedia software,multiplayer,internet
1328,mumbai,mumbai,movies
1329,munich,munich,vacation
1330,murcia,muscle,safety
1331,museums,museums,programs
1335,music & audio,audio,input output
1338,music & dance games,music download,buy
1334,music art & memorabilia,music,input output
1336,music awards,music,sale
1337,music composition & theory,concerts,input output
1339,music education & instruction,music,input output
1340,music equipment & technology,music,report
1341,music recording technology,record,input output
1342,music reference,music,card
1343,music streams & downloads,music theory,tour
1344,music videos,muslim,exchange
1332,musical films,musical instrument,input output
1333,musical instruments,musical,shopping
1345,mutual funds,mutual funds,kids
1346,myanmar,myanmar,trip
1347,myrtle beach & grand strand,myrtle,travel
1348,myth & folklore,stories,equipment
1349,nagano,nagano,hotel
1350,nagasaki,nagasaki,input output
1351,nagoya,nagoya,cuisine
1352,nails screws & fasteners,nail,input output
1353,nairobi,nairobi,people
1354,nanjing,nanjing,hotels
1355,nantes,nantes,new
1356,naples,naples,holiday
1357,nara,nara,auto
1358,nashville,national,today
1359,native americans,natural,hiv
1360,navy,navy,social
1361,nebraska,nebraska,long
1362,nepal,nepal,player
1363,netherlands,netherlands,bank
1366,network monitoring & management,network monitoring,services
1367,network security,network security,ideas
1368,network storage,neurological,service
1364,networking,networking,input output
1365,networking equipment,network marketing,free
1369,neurological disorders,neurological,jobs
1370,neuroscience,neuroscience,music
1371,nevada,nevada,shoes
1372,new brunswick,new brunswick,auto
1374,new england,newest,accessories
1376,new hampshire,new hampshire,vehicle
1377,new haven,new haven,party
1378,new jersey,new jersey,technology
1379,new mexico,new mexico,videos
1380,new orleans,new orleans,history
1382,new south wales,new south,medical
1384,new year,new years,shirts
1385,new york city,york city,colleges
1386,new york state,york state,museum
1387,new zealand,ngo,canadian
1373,newcastle (au),newcastle,input output
1375,newfoundland & labrador,newfoundland,input output
1381,news,news,kingdom
1383,newspapers,newspapers,finance
1388,nicaragua,nicaragua,flights
1389,nice,nice,fort
1390,niger,niger,input output
1391,nigeria,nightlife,atlanta
1392,niigata,nikon,deals
1393,ningxia,red,input output
1394,nintendo,nintendo,player
1395,nissan,nissan,country music
1397,nord-pas-de-calais,normandy,office
1396,nordic countries,countries,input output
1398,north america,north america,city
1399,north american cuisine,north america,hotels
1400,north brazil,north,input output
1401,north carolina,north carolina,life
1402,north caucasian district,caucasus,input output
1403,north central china,charleston,input output
1404,north chungcheong,cyprus,input output
1405,north dakota,north dakota,bank
1408,north east england,north east,news
1415,north florida,north florida,weather
1416,north france,north,input output
1417,north gyeongsang,north,input output
1418,north india,north india,airport
1419,north jeolla,kansas city,input output
1420,north korea,north korea,university
1421,north rhine-westphalia,shore,real estate
1423,north west england,west england,hotels
1406,northeast brazil,northeast,input output
1407,northeast china,northeast,input output
1409,northeast india,northeast,input output
1410,northern africa,northern,airport
1411,northern ireland,northern ireland,real estate
1412,northern mexico,northern,input output
1413,northern territories,northern,input output
1414,northern territory,northern territory,history
1422,northwest china,northwest,input output
1424,northwestern russia,northwest,flights
1425,norway,norway,tips
1426,nova scotia,nova,used cars
1427,nuclear energy,nuclear,schools
1428,nuevo le?n,nursery,family
1429,nursery & playroom,nursery,management
1430,nursing,nursing,germany
1431,nusa tenggara,grains,input output
1432,nutrition,nutritional,cafe
1433,oahu,oahu,stores
1434,oaxaca,oaxaca,packages
1435,obesity,obesity,india
1436,obgyn,obgyn,shoes
1437,occult & paranormal,occupational health,information
1438,occupational health & safety,ocean,africa
1439,oceania,oceania,restaurant
1445,off-road vehicles,offshore,web
1440,offbeat,office,windows
1441,office & facilities management,office,input output
1442,office furniture,office furniture,county
1443,office services,office,uk
1444,office supplies,official,basketball
1446,ohio,oil gas,research
1447,oil & gas,oil,care
1448,oita,japan,input output
1449,okayama,ok,input output
1450,okinawa,okinawa,real
1451,oklahoma,oklahoma,sale
1452,oklahoma city,old,cologne
1453,olympics,olympics,job
1454,oman,oman,cam
1455,online communities,online,java
1456,online games,online games,city
1457,online goodies,grocery,2015
1458,online image galleries,online,africa
1459,online journals & personal sites,online,day
1460,online media,online,record label
1461,online video,online video,child
1462,ontario,opel,magazine
1463,open source,open source,small business
1464,opera,opera,company
1465,operating systems,operations,information
1466,opinion & commentary,optical,canada
1467,optoelectronics & fiber,oral,hotel
1468,oral & dental care,oral,map
1469,orange county (ca),order,commercial
1470,oregon,organic,price
1471,organic & natural foods,original,pet
1472,orissa,orlando,tours
1473,osaka,osaka,cheap
1474,oslo,oslo,military
1475,ottawa-gatineau,outdoor,engine
1477,outdoor toys & play equipment,outdoor,map
1476,outdoors,outdoor,companies
1478,outerwear,outsource,el
1479,outsourcing,outsourcing,delaware
1480,pacific coast (mexico),pacific island,flights
1481,pacific islands,pacific islands,news
1482,pacific northwest,pacific northwest,treatment
1483,packaging,packaging,island
1484,pagan & esoteric traditions,paid,sports
1485,pain management,pain management,shop
1486,paintball,paint,business
1487,painting,painting,schools
1488,pakistan,pakistani,wedding
1489,paleontology,paleontology,news
1490,palermo,palermo,university
1491,palestinian territories,palm,public
1492,pamukkale,pools,input output
1493,panama,panasonic,tickets
1494,papua new guinea,papua new,resort
1495,par?,online,input output
1496,para?ba,paradise,india
1497,paraguay,paraguay,industry
1498,paran?,parasites,jobs
1499,parasites & parasitic diseases,parent,real estate
1500,parenting,parenting,information
1501,paris,paris,cuisine
1502,parking,parking,south
1504,party & holiday supplies,patio,birth
1503,party games,party games,input output
1505,pattaya,payroll,shoes
1506,payroll services,payroll services,free
1507,pays de la loire,pc,market
1508,pdas & handhelds,pediatric,body
1509,pediatrics,pei,new
1510,pennsylvania,pennsylvania,student
1512,people & society,performance,africa
1511,people search,people search,list
1513,performing arts,perfume,website
1514,perfumes & fragrances,perfumes,job
1515,pernambuco,carpets,online
1516,personal aircraft,personalized,vehicle
1517,personal loans,personal loans,input output
1518,personals,personal training,san
1519,perth,perth,art
1520,peru,peru,south
1521,pest control,pest,course
1522,pet food & supplies,pet,today
1523,pets,pets,input output
1524,pets & animals,pet,office
1525,peugeot,peugeot,bangladesh
1526,pharmaceuticals & biotech,pharma,input output
1527,pharmacy,pharmacy,technology
1528,philadelphia,philippine,stores
1529,philippines,philippines,tickets
1530,philosophy,philosophy,store
1531,phoenix,phoenix,price
1532,phone service providers,photo,girls
1534,photo & image sharing,photo,computer
1536,photo & video services,video sharing,input output
1537,photo & video sharing,photo video,input output
1538,photo & video software,php,input output
1535,photo rating sites,photos,price
1533,photographic & digital arts,photography,pictures
1539,phuket,phuket,city
1540,physical asset management,physical,information
1541,physical therapy,physical therapy,com
1542,physics,physics,care
1543,pianos & keyboards,piano,input output
1544,piau?,glass,input output
1545,picardy,pictures,cuba
1546,piedmont,piedmont,products
1547,piedmont triad,pink,camera
1548,pittsburgh,pittsburgh,gifts
1549,pizzerias,places,coast
1550,places of worship,places,orissa
1551,plasma tvs,plastic,list
1552,plastics & polymers,play,bbq
1553,plumbing,plumbing,input output
1554,plumbing fixtures & equipment,plus size,money
1555,podcasting,poems,hotel
1556,poetry,poetry,art
1557,poisons & overdoses,dogs,input output
1558,poitou-charentes,pokemon,list
1559,poker & casino games,poker,sale
1560,poland,poland,tour
1561,polar regions,police,capital
1562,political humor,political,input output
1563,political polls & surveys,political,game
1564,politics,politics,information
1565,polynesia,polynesia,france
1566,pontiac,pontiac,ohio
1567,pop music,population,dc
1568,pork,pork,network
1569,porsche,porsche,picture
1570,portland (or),portland,management
1571,porto,porto,input output
1572,porto alegre,porto,luxury
1573,portugal,pottery,navy
1574,poultry,poultry,coffee
1575,poverty & hunger,poverty,iowa
1576,power supplies,power tools,finance
1577,prague,prague,today
1578,precious metals,precious metals,web
1579,pregnancy & maternity,prepaid,planning
1580,preschool,preschool,low
1581,presentation software,price comparison,korea
1582,price comparisons,primary,science
1583,primary & secondary schooling (k-12),prime,property
1584,prince edward island,prince,istanbul
1585,printers,printers,input output
1586,"printers, copiers & fax",printing,input output
1587,printing & publishing,print,phone
1588,prisons & corrections,privacy,input output
1589,privacy issues,private,eastern europe
1590,product liability,product liability,business
1591,product reviews & price comparisons,professional,usa
1592,professional & trade associations,professional,computer
1593,programming,programming,game
1595,project management,project management,information
1596,project management software,project,sale
1594,projection tvs,projection,input output
1597,projectors & screens,prom,sites
1598,promotional items & corporate gifts,properties,atlanta
1599,property development,property sale,short
1600,property inspections & appraisals,property,input output
1601,property management,property management,hybrid
1602,provence-alpes-c?te d'azur,provence,input output
1603,providence,providence,code
1604,proxying & filtering,ps3,racing
1605,psychology,psychology,facts
1606,public finance,public finance,input output
1607,public health,public health,services
1608,public policy,public policy,australia
1609,public records,public records,estate
1610,public relations,public relations,business
1611,public safety,public safety,south
1612,public speaking,public speaking,dvd
1613,public storage,public storage,free
1614,puebla,puerto,music
1615,puerto rico,puerto rico,information
1616,puerto vallarta,puerto vallarta,houses
1617,puglia,pulmonary,tours
1618,punjab (india),punjab,services
1619,punk (music),punk,sale
1620,puppets,purple,product
1621,puzzles & brainteasers,puzzles,shop
1622,qatar,qatar,tickets
1623,qinghai,quality control,department
1624,quality control & tracking,quality,vacation
1625,quebec,quebec,input output
1626,quebec city,quebec,school
1627,queensland,quick,cape
1628,quintana roo,quit,input output
1629,quito,quito,car rental
1703,r?union,running,input output
1630,rabbits & rodents,racing,control
1631,racquet sports,racquet,input output
1632,radio,controlled,jobs
1633,radio control & modeling,radio,input output
1634,radio equipment,radio,rome
1635,rail transport,railway,search
1636,rajasthan,rajasthan,service
1637,raleigh-durham,raleigh,oklahoma
1638,"ranges, cooktops & ovens",ranking,management
1639,rap & hip-hop,rc,new brunswick
1640,real estate,real estate,input output
1641,real estate agencies,real estate,sicily
1642,real estate investment trusts,real estate,beach
1643,real estate listings,recent,france
1644,recife,recipes,companies
1646,record labels,record labels,design
1645,recording industry,recording,information
1647,recreational aviation,recruitment,air
1648,recruitment & staffing,recycle,companies
1649,recycling,red,delhi
1650,reference,refinance,software
1651,refrigerators & freezers,refurbished,phone
1652,reggae & caribbean music,reggae,input output
1653,reggaeton,reggaeton,legal
1654,regional parks & gardens,register,articles
1655,religion & belief,religion,places
1656,religious music,remote,work
1657,renault-samsung,motors,input output
1658,renewable & alternative energy,renewable,house
1659,rennes,reno,book
1660,reno-sparks,rent car,wrestling
1661,reproductive health,reproductive health,input output
1662,reproductive rights,reproductive,input output
1663,reptiles & amphibians,reptiles,online
1664,republic of macedonia,residential,public relations
1665,respiratory conditions,restaurant,digital
1667,restaurant supply,restaurant supply,com
1666,restaurants,restaurants,shipping
1668,resumes & portfolios,retail,free
1669,retail equipment & technology,retail,equipment
1670,retail jobs,retail jobs,news
1671,retail trade,retirement,india
1672,retirement & pension,retro,process
1674,rh?ne-alpes,hobby,input output
1673,rhineland-palatinate,region,input output
1675,rhode island,rhode,bike
1676,richmond-petersburg,ride,social
1677,ride-on toys & wagons,riga,website
1678,right-wing politics,rims,jobs
1679,rings,ringtones,input output
1680,ringtones & mobile themes,ringtones,input output
1681,rio de janeiro,rio janeiro,tourism
1682,rio grande do norte,rio,input output
1683,rio grande do sul,risk,sports
1684,risk management,risk management,application
1685,road bikes,road,pacific
1686,robotics,robotics,game
1687,rochester-finger lakes,rock,tourism
1688,rock music,rock music,baby
1689,rocky mountains,role,football
1690,roleplaying games,roller,tv
1691,roller skating & rollerblading equipment,roll,input output
1692,rolls-royce,rolls royce,company
1693,romance,romance,input output
1694,romance films,romance,game
1695,romania,romantic,cost
1696,rome,rome,rental
1697,rond?nia,roof,music
1698,roofing,roof,asia
1699,rotterdam,royal,real
1700,royalty,royalty,money
1701,rugby,rugby,company
1702,rugs & carpets,rules,london
1704,running & walking,rural,company
1705,russia & cis,russian,input output
1706,russian central district,russian,input output
1707,russian federation,russian,kids
1708,russian southern district,rv,supplies
1709,rwanda,rwanda,code
1836,s?o paulo,sorrento,hotels
1710,saab,saab,san
1711,saarland,sacramento,law
1712,sacramento valley,safety,men
1713,saga,saga,beach
1714,saint kitts & nevis,louis,input output
1715,saint lucia,saint lucia,holidays
1716,saint petersburg,saint petersburg,tours
1717,saint vincent & grenadines,vincent,input output
1718,saitama,salad,equipment
1719,salads,salary,shop
1720,salerno & amalfi coast,positano,input output
1721,sales,sales marketing,services
1722,sales & marketing jobs,sales tax,surgery
1723,salsa & tropical music,salt,input output
1724,salt lake city,salt,luxury
1725,salvador,salvador,apartments
1726,same-sex marriage,sex marriage,code
1727,samples & sound libraries,sample,travel
1728,san antonio,san antonio,things
1729,san diego,san diego,10
1730,san francisco bay area,san francisco,packages
1731,san joaquin valley,san jose,search
1732,san marino,san marino,holiday
1733,santa catarina,santa,tours
1734,santiago,santiago,images
1735,sapporo,sapporo,holidays
1736,sardinia,sardinia,information
1737,saskatchewan,saskatchewan,sports
1738,saturn,saturn,office
1739,saudi arabia,saudi,center
1740,savings accounts,savings,kids
1741,saxony,online,input output
1742,saxony-anhalt,scale,sports
1743,scandals & investigations,scanner,hum tv
1744,scanners,scheduling,airport
1745,schleswig-holstein,school,rwanda
1746,school supplies & classroom equipment,school supplies,food
1747,science,science,software
1748,science fiction & fantasy,science fiction,input output
1749,science fiction & fantasy films,science,shows
1750,scientific equipment,scientific,input output
1751,scientific institutions,scientific,input output
1752,scientology,scientology,training
1753,scion,scion,black
1754,scooters & mopeds,scooters,equipment
1755,scotland,scottish,birmingham
1756,scripting languages,scuba,network
1757,sculpture,seafood,energy
1758,search engine optimization & marketing,engine optimization,management
1759,search engines,seasonal,toys
1760,seat,seattle,job
1761,seattle-tacoma,second,sporting
1762,security products & services,self,records
1763,self-help & motivational,sell,united
1764,sendai,send,pradesh
1765,senegal,senior,world
1766,seniors & retirement,seo,network
1767,seoul,seoul,luxury
1768,serbia,serbia,tourist
1769,sergipe,serviced,security
1770,service providers,set box,china
1771,seville,seville,rent
1772,sex education & counseling,sex education,input output
1773,sexual enhancement,counseling,input output
1774,sexually transmitted diseases,sexy,water
1775,shaanxi,rugs,news
1776,shandong,shandong,city
1777,shanghai,shanghai,holiday
1778,shanxi,share,club
1779,sheet music,sheet music,input output
1780,sheffield,sheffield,film
1781,shenyang,shenyang,music
1782,shenzhen,shenzhen,day
1783,shiga,puppies sale,input output
1784,shikoku,jeju,input output
1785,shimane,shipping,accessories
1786,shizuoka,shoe,sale
1787,shooter games,shooting,los
1788,shopping,shopping,bike
1789,shopping portals & search engines,short,holidays
1790,short-term loans & cash advances,shuttle,american
1791,siberian federal district,puppies sale,input output
1792,sichuan,sichuan,buy
1793,sicily,sightseeing,diet
1794,sightseeing tours,sights,online
1795,signage,signs,project
1796,silent films,silent,download
1797,silicon valley,simple,korean
1798,simulation games,simulator,kids
1799,sinaloa,violence,input output
1800,singapore,single,air force
1802,skate sports,skating,business
1801,skateboarding equipment,skate,ski
1803,skeptics & non-believers,ski,chicago
1805,skiing & snowboarding,skin care,girls
1804,skiing equipment,skiing,tickets
1807,skin & nail care,skin,input output
1806,skin conditions,skin,kids
1808,skins themes & wallpapers,ski resorts,map
1809,skirts,skydiving,fund
1810,sleep disorders,sleep,supplies
1811,sleepwear,slim,cards
1812,slovakia,slovakia,holiday
1813,slovenia,slovenia,toronto
1814,small business,small,new orleans
1815,small kitchen appliances,small,virtual
1816,smart phones,smoking,kids
1817,smoking & smoking cessation,sms,west
1818,snack foods,snowboard,spain
1819,snowboarding gear,snowboarding,furniture
1820,soccer,soccer,online
1821,soccer equipment,soccer,online free
1822,social issues & advocacy,responsible,input output
1824,social network apps & add-ons,social networking,information
1825,social networks,social science,video
1826,social sciences,social security,medical
1827,social services,social work,plastic
1823,socially responsible investing,social media,america
1828,sofas & chairs,soft drink,price
1829,soft drinks,soft drinks,kids
1830,software,software,technology
1831,software utilities,solar,san
1832,solar power,solar,toys
1833,somalia,somalia,films
1834,song lyrics & tabs,songs,america
1835,sony playstation,sony playstation,japan
1837,soul & r&b,sound,cars
1839,sound & video cards,soup,input output
1838,soundtracks,sound,input output
1840,soups & stews,sources,software
1872,south (usa),southwest,car
1841,south africa,south african,study
1842,south america,south america,games
1843,south american cuisine,south america,real
1844,south asia,south asia,food
1845,south asian cuisine,asian,input output
1846,south asian music,asian,input output
1847,south asians & diaspora,south asia,hotels
1848,south australia,south australia,map
1849,south brazil,south,input output
1850,south carolina,south carolina,furniture
1851,south central china,china,input output
1852,south chungcheong,coast,input output
1853,south dakota,south dakota,capital
1859,south east england,east england,input output
1862,south east france,south east,input output
1867,south florida metro,south france,hotel
1868,south gyeongsang,travels,input output
1869,south india,south india,video
1870,south jeolla,jersey,input output
1871,south korea,south korea,shirts
1874,south west england,west england,input output
1876,south west france,southwest,input output
1854,southeast asia,southeast asia,game
1855,southeast asian cuisine,southeast,input output
1856,southeast asians & pacific islanders,southeast asia,food
1857,southeast brazil,south east,input output
1858,southeast china,southeast,input output
1860,southeastern anatolia,eastern,input output
1861,southeastern europe,southeast,input output
1863,southern africa,southern africa,news
1864,southern california,southern california,inclusive
1865,southern florida,southern,care
1866,southern thailand,southern,hotels
1877,southwest (usa),space,china
1873,southwest china,southwest,input output
1875,southwestern ontario,southwest,input output
1878,space technology,spa,film
1879,spain,spain,pictures
1880,spam & email filtering,spam,free
1881,spanish cuisine,spanish,cards
1882,spas & beauty services,spas,computer
1883,speakers,speaker,estate
1886,special & restricted diets,specialty,online
1884,special education,special,summer
1885,special occasions,special,online
1887,specialty travel,spiritual,body
1888,spirituality,spiritual,safety
1889,spoofs & satire,sport,women
1894,sport scores & statistics,sports,companies
1890,sporting goods,sporting,radio
1891,sports,bet,equipment
1892,sports betting,sports betting,america
1893,sports coaching & training,collectibles,input output
1895,sports games,sports games,service
1896,sports management games,sports,input output
1897,sports memorabilia,sports memorabilia,services
1898,sports news,sports,trade
1899,spreadsheet software,spring,australia
1900,squash & racquetball equipment,squash,city
1901,sri lanka,stainless,code
1902,standardized & admissions tests,starting,maryland
1903,state & local government,stationery,bike
1904,statistics,std,london
1905,stereo systems & components,stereo,input output
1906,steroids & performance-enhancing drugs,st,physical therapy
1908,stock photography,stock photography,kids
1907,stockholm,stockholm,commercial
1909,stocks & bonds,storage,stockholm
1910,strasbourg,strasbourg,schools
1911,strategic planning,strategic planning,download
1912,strategy games,student,martial arts
1913,student loans & college financing,studio,website
1914,study abroad,study abroad,uk
1915,study grants & scholarships,study,tips
1916,stuffed toys,stuff,input output
1917,stunts & dangerous feats,st vincent,packages
1918,subaru,subaru,japan
1919,subcultures & niche interests,search engines,input output
1920,substance abuse,substance,prices
1921,sudan,sudan,york
1922,suits & business attire,suits,input output
1923,sulawesi,brunei,input output
1924,sumatra,summer,records
1925,sunglasses,sun,deals
1926,superhero films,super,event
1927,supply chain management,supply chain,server
1929,surf & swim,surf,input output
1928,surfing,surfing,training
1930,surgery,surgery,input output
1931,suriname,sustainable,international
1932,suvs,suvs,car
1933,suzuki,suzuki,store
1934,swap meets & outdoor markets,swap,input output
1935,sweden,sweden,bank
1936,swimming,swimming,shoes
1937,swimming pools & spas,swim,buy
1938,swimwear,swiss,holiday
1939,switzerland,switzerland,real estate
1940,sydney,sydney,arts
1941,symbian os,symptoms,garden
1942,syria,syria,art
2022,t-shirts,tsunami,cuisine
1943,table games,table,list
1944,table tennis,table tennis,input output
1945,table tennis equipment,table tennis,cost
1946,tablet pcs,tablets,korea
1947,tahiti & bora bora,tahiti,cheap
1948,taichung,taichung,input output
1949,tainan,taiwan,input output
1950,taipei,taipei,south
1951,taiwan,taiwan,center
1952,tajikistan,tajikistan,information
1953,talk radio,talk,download
1954,tallahassee,tallahassee,auto
1955,tamaulipas,tamil,business
1956,tamil nadu,nadu,universities
1957,tampa bay area,tampa,radio
1958,tanzania,tanzania,products
1959,tasmania,taxi,canada
1960,tax preparation & planning,tax,music
1961,tea,teach english,products
1962,teaching & classroom resources,teaching,bermuda
1963,team sports,technical,water
1964,technical reference,technical,input output
1965,technical support,technical,work
1966,technology news,teen,south africa
1967,tel aviv,tel aviv,accommodation
1968,teleconferencing,numbers,input output
1969,telemarketing,telemarketing,delhi
1970,televisions,temperature,chicago
1971,temporary & seasonal jobs,tenders,water
1972,tennessee,tennessee,information
1973,tennis,tennis,tv
1974,tennis equipment,tennis,management
1975,test & measurement,tests,input output
1976,texas,texas,events
1978,text & instant messaging,text,food
1977,textiles & nonwovens,textile,input output
1979,thai cuisine,thai,india
1980,thailand,thailand,cheap flights
1981,thanksgiving,thanksgiving,computer hardware
1982,theme parks,theme parks,action
1983,theology & religious study,things,iceland
1984,"thriller, crime & mystery films",throat,input output
1985,thuringia,thyroid,input output
1986,thyroid conditions,thyroid,food
1987,tianjin,tianjin,estate
1988,tibet,tibet,south korea
1989,tijuana,tijuana,water
1990,tile games,tile,online
1991,time & calendars,timeshare,news
1992,timeshares & vacation properties,tips,italy
1993,toasters & toaster ovens,tobacco,input output
1994,tobacco products,tobago,news
1995,tocantins,friends,input output
1996,tochigi,toddler,articles
1997,tohoku,sendai,input output
1998,tokushima,youth hostel,input output
1999,tokyo,10,small business
2000,tottori,screen,input output
2001,toulouse,tourism,venice
2002,tourist boards & visitor centers,tourist destination,input output
2003,tourist destinations,tours,roller
2004,toyama,toy,house
2005,toyota,toyota,commercial
2006,toys,track field,apparel
2007,track & field,tractor,air
2008,trade fairs & industry shows,traditional,sheet music
2009,traffic & public transit,train,magazine
2010,training & certification,trains,town
2011,translation tools & resources,transmission,women
2012,transportation & logistics,transport,car
2013,travel,travel agencies,san
2014,travel agencies & services,travel,reviews
2015,travel guides & travelogues,traveling,city
2016,travel insurance,travel,tahoe
2017,trentino-alto adige,trinidad,price
2018,trinidad & tobago,trip,seattle
2019,troubled relationships,truck,los
2020,trucks,trucks sale,city
2021,trucks & suvs,trust,movie
2023,tucson,tucson,supplies
2024,tulsa,tulsa,rentals
2025,tunisia,tunisia,places
2026,turin,turin,film
2027,turkey,turkish,shirts
2028,turkmenistan,turkmenistan,public
2029,tuscany,tuscany,el
2046,tv & video,video card,input output
2047,tv & video equipment,types,ball
2030,tv comedies,tv commercial,music
2031,tv commercials,tv commercial,music
2032,tv crime & legal shows,tv,input output
2033,tv documentary & nonfiction,tv drama,input output
2034,tv dramas,episodes,input output
2035,tv family-oriented shows,tv,input output
2036,tv game shows,tv,input output
2037,tv guides & reference,tv live,video
2038,tv medical shows,tv,input output
2039,tv networks & stations,tv,movies
2040,tv reality shows,tv,input output
2041,tv sci-fi & fantasy shows,tv series,network
2042,tv shows & programs,tv shows,input output
2043,tv soap operas,tvs,input output
2044,tv talent & variety shows,talk,input output
2045,tv talk shows,tv,free
2048,uganda,uk,surgery
2049,ukraine,ukraine,maps
2050,ulsan,aircraft,beach
2051,umbria,unclaimed,college
2052,undergarments,unemployment,economy
2053,uniforms & workwear,unions,city
2054,unions & labor movement,unique,events
2055,united arab emirates,united arab,football
2056,united kingdom,university,sale uk
2057,unwanted body & facial hair removal,upcoming,san diego
2058,upper normandy,freezer,input output
2059,upstate south carolina,doors,input output
2060,urals district,urban,beach
2061,urban & hip-hop,urban planning,australia
2062,urban & regional planning,urban,input output
2063,urban transport,urdu,world
2064,uruguay,uruguay,internet
2065,usa,used,engine
2066,utah,utah,map
2067,uttar pradesh,uttar pradesh,capital
2068,uzbekistan,uzbekistan,north
2069,vacation offers,vacation rentals,portugal
2070,vaccines & immunizations,va,input output
2071,valencia,valencia,estate
2072,valencian community,valentine,places
2073,valentine's day,valentines,chicago
2074,valves hoses & fittings,van,input output
2075,vancouver,vancouver,map
2076,vans & minivans,vans,estate
2077,vatican city,vauxhall,attractions
2078,vauxhall-opel,vegan,singapore
2079,vegetarian cuisine,vegetarian,shop
2092,vehicle & traffic safety,vehicle,input output
2080,vehicle brands,vehicle,input output
2081,vehicle codes & driving laws,vehicle finance,uk
2082,vehicle financing,vehicle,input output
2083,vehicle fuels & lubricants,vehicle,input output
2084,vehicle insurance,vehicle insurance,input output
2085,vehicle licensing & registration,vehicle,input output
2086,vehicle maintenance,vehicle,input output
2087,vehicle parts & accessories,vehicle,office
2088,vehicle shopping,vehicle,input output
2089,vehicle shows,vehicle,input output
2090,vehicle simulators,vehicles,input output
2091,"vehicle specs, reviews & comparisons",vehicle,input output
2093,vehicle wheels & tires,cheese,input output
2094,veneto,turismo,input output
2095,venezuela,venezuela,china
2096,venice,venice,medical
2097,venture capital,venture,deals
2098,veracruz,decking,management
2099,vermont,vermont,people
2100,veterans,veterans,play
2101,veterinarians,veterinary,tennis
2102,victoria (au),victoria,input output
2103,victoria (bc),video,prague
2104,video file formats & codecs,video game,art
2105,video game development,video game,input output
2106,video game emulation,video game,news
2107,video game retailers,video games,equipment
2108,video players & recorders,video,education
2109,video sharing,video sharing,football
2110,vienna,vienna,rentals
2111,viet nam,vietnam,best
2112,vietnamese cuisine,villas,pest control
2113,vineyards & wine tourism,vintage,southern
2116,virgin islands,virtual,market
2114,virginia,virginia beach,input output
2115,virginia beach-hampton roads,virginia,loans
2117,virtual worlds,virtual worlds,india
2118,visa & immigration,visas,management
2119,vision care,visiting,application
2120,visual art & design,vitamin,west
2121,vitamins & supplements,vitamin supplements,download
2122,vocals & show tunes,vocational,input output
2123,vocational & continuing education,vocational,job
2124,voice & video chat,voip,equipment
2125,volga district,russia,input output
2126,volkswagen,volkswagen,clothing
2127,volleyball,volleyball,input output
2128,volleyball equipment,volunteer,pacific
2129,volvo,volvo,south africa
2130,vpn & remote access,vpn,safety
2131,wakayama,forest,input output
2132,wales,walking,film
2133,warehousing,warehousing,books
2134,warranties & service contracts,warranty,input output
2135,warsaw,warsaw,services
2136,washington dc,washington dc,job
2137,washington state,washington state,national
2138,waste management,waste management,australia
2139,watches,watch,taiwan
2142,water & marine sciences,waterproof,phone
2140,water activities,water,beach
2141,water filters & purifiers,water,sports
2143,water sports,water sports,input output
2144,water sports equipment,water sports,australia
2145,water supply & treatment,ways,team
2146,weather,weather,cincinnati
2147,web apps & online tools,based,property
2149,web design & development,web design,singapore
2150,web hosting & domain registration,web hosting,store
2151,web portals,web,input output
2152,web series,web service,management
2153,web services,website,midlands
2154,web stats & analytics,wedding,guide
2148,webcams & virtual tours,web design,card
2155,weddings,weekend,apparel
2156,weight loss,weight loss,oil
2157,welfare & unemployment,zurich,input output
2158,wellington,wellington,things
2159,west asia,west,input output
2160,west bengal,west bengal,search
2167,west france,west,hotels
2168,west india,west,sale
2169,west midlands,west midlands,tickets
2170,west palm beach-boca raton,west palm,deals
2171,west virginia,white,labrador
2161,western africa,western,input output
2162,western australia,western,news
2163,western europe,european,input output
2164,western europeans,western europe,input output
2165,western films,western,equipment
2166,western new guinea,western,equipment
2172,wholesalers & liquidators,wifi,report
2173,wildlife,wildlife,policy
2177,wind power,wind,parts
2175,windows & .net,net framework,input output
2174,windows mobile os,windows mobile,input output
2176,windows os,windows server,french
2178,wine,wine,rock
2179,winnipeg,winter,rates
2180,winter sports,winter sports,input output
2181,winter sports equipment,wireless,process
2182,wisconsin,wisconsin,nova
2183,women's clothing,womens,west
2184,women's health,womens health,equipment
2185,women's interests,wooden,party
2186,wood & plastics,word,train
2187,word games,word,services
2188,word processing software,working,portugal
2189,work & labor issues,world,aviation
2190,world localities,world map,new
2191,world music,world music,video
2192,world news,world news,ski
2193,world sports competitions,worldwide,movies
2194,wrestling,wrestling,store
2195,writers resources,writing,uk
2196,writing & editing services,writing,input output
2197,wroclaw,wroclaw,school
2198,wuhan,www,birmingham
2199,wyoming,wyoming,information
2200,xbox,xbox,service
2201,xi'an,xian,input output
2202,xinjiang,xp,eye
2203,yamagata,documentary film,input output
2204,yamaguchi,yamaha,ski
2205,yamanashi,yard,new
2206,yard & patio,yellow,east
2207,yemen,yemen,plans
2208,yoga & pilates,yoga,holidays
2209,yokohama,yokohama,ireland
2210,yorkshire,yorkshire,wales
2211,youth camps,youth,service
2212,youth organizations & resources,yucatan,search
2213,yucat?n,peninsula,input output
2214,yucat?n peninsula,oh,input output
2215,yunnan,yunnan,news
2216,zambia,zambia,packages
2217,zhejiang,zhejiang,east
2218,zimbabwe,zimbabwe,online free
2219,zoos-aquariums-preserves,zoo,city
2220,zurich,zurich,property
